{
  "properties": {
    "connectionReferences": {},
    "definition": {
      "$schema": "https://schema.management.azure.com/providers/Microsoft.Logic/schemas/2016-06-01/workflowdefinition.json#",
      "contentVersion": "1.0.0.0",
      "parameters": {
        "$authentication": {
          "defaultValue": {},
          "type": "SecureObject"
        }
      },
      "triggers": {
        "manual": {
          "metadata": {
            "operationMetadataId": "57df84f4-1796-49ba-917d-95f65b934239"
          },
          "type": "Request",
          "kind": "PowerAppV2",
          "inputs": {
            "schema": {
              "type": "object",
              "properties": {
                "text": {
                  "title": "transformedText",
                  "type": "string",
                  "x-ms-dynamically-added": true,
                  "description": "Please enter your input",
                  "x-ms-content-hint": "TEXT"
                },
                "text_1": {
                  "title": "countryLanguageCode",
                  "type": "string",
                  "x-ms-dynamically-added": true,
                  "description": "Please enter your input",
                  "x-ms-content-hint": "TEXT"
                }
              },
              "required": [
                "text",
                "text_1"
              ]
            }
          }
        }
      },
      "actions": {
        "HTTP": {
          "runAfter": {},
          "metadata": {
            "operationMetadataId": "41ea3fe3-c524-4da2-ba1a-ddc3c47a9b4f"
          },
          "type": "Http",
          "inputs": {
            "method": "POST",
            "uri": "https://textanalyticsforhealthfunction101.azurewebsites.net/api/TextAnalyticsWorker?code=evnnfOv4IHQl5589fnMpqJ3O6GKtV_R1xjHkRpnpQOI4AzFuMOLAzQ==&lang=@{triggerBody()['text_1']}",
            "body": "@triggerBody()['text']"
          }
        },
        "Response": {
          "runAfter": {
            "HTTP": [
              "Succeeded"
            ]
          },
          "metadata": {
            "operationMetadataId": "5ee18ff5-c0f3-4913-ba56-d57b35b35f9b"
          },
          "type": "Response",
          "kind": "Http",
          "inputs": {
            "statusCode": 200,
            "body": "@body('HTTP')",
            "schema": {
              "type": "object",
              "properties": {
                "entities": {
                  "type": "array",
                  "items": {
                    "type": "object",
                    "properties": {
                      "text": {
                        "type": "string"
                      },
                      "category": {
                        "type": "string"
                      },
                      "subCategory": {},
                      "confidenceScore": {
                        "type": "number"
                      },
                      "offset": {
                        "type": "integer"
                      },
                      "length": {
                        "type": "integer"
                      },
                      "snowmed": {
                        "type": "string"
                      },
                      "association": {},
                      "conditionality": {},
                      "certainty": {},
                      "relationInfo": {},
                      "normalizedText": {}
                    }
                  }
                }
              }
            }
          }
        }
      }
    },
    "templateName": ""
  },
  "schemaVersion": "1.0.0.0"
}