{"token":{"type":"oauthSetting","oAuthSettings":{"identityProvider":"aad","clientId":"8b0c77b6-97b1-478e-81b1-50effa2fe01c","scopes":[],"redirectMode":"Global","redirectUrl":"https://global.consent.azure-apim.net/redirect","properties":{"IsFirstParty":"True","AzureActiveDirectoryResourceId":"https://pacientreporting-dev.fhir.azurehealthcareapis.com","IsOnbehalfofLoginSupported":true},"customParameters":{"loginUri":{"value":"https://login.windows.net"},"tenantId":{"value":"ea084167-dd60-4755-ac30-1359a33e74e7"},"resourceUri":{"value":"https://pacientreporting-dev.fhir.azurehealthcareapis.com"},"enableOnbehalfOfLogin":{"value":"true"}}}},"token:TenantId":{"type":"string","metadata":{"sourceType":"AzureActiveDirectoryTenant"},"uiDefinition":{"constraints":{"required":"false","hidden":"true"}}}}